ID,Category,Gender,Urgency,Duration,Amount,Locality,Title,Image,Payment
1,Medical,Male,Immediate,Monthly,5000,Rural,Surgery,doctor1.jpg,https://rzp.io/l/UXabyaM9g
2,Medical,Female,Oneweek,Quarterly,10000,Rural,Medicines,doctor3.jpg,https://rzp.io/l/UXabyaM9g
3,DisasterRF,Female,Twoweeks,Annually,18000,Suburban,Housing,dis1.jpg,https://rzp.io/l/Dk45a9yaZ
4,DisasterRF,Male,Oneweek,Annually,15000,Suburban,Treatment,dis2.jpg,https://rzp.io/l/Dk45a9yaZ
5,Education,Male,Immediate,Quarterly,15000,Urban,Books,edu1.jpg,https://rzp.io/l/BFTS4jHt59
6,DisasterRF,Male,Oneweek,Monthly,5000,Suburban,Tsunami,dis3.jpg,https://rzp.io/l/Dk45a9yaZ
7,Women,Female,Oneweek,Annually,3000,Suburban,Clothes,women1.jpg,https://rzp.io/l/kcrtJphHP
8,Women,Female,Immediate,Monthly,6000,Rural,Fight For Justice,women2.jpg,https://rzp.io/l/kcrtJphHP
9,OldAge,Female,Oneweek,Quarterly,13000,Urban,Clothes,old1.jpg,https://rzp.io/l/eS1ken0
10,FoodForNeed,Female,Twoweeks,Monthly,6000,Urban,Cereals,food1.jpg,https://rzp.io/l/1w0tcUS
11,DisasterRF,Male,Immediate,Quarterly,15000,Rural,Earthquake,dis4.jpg,https://rzp.io/l/Dk45a9yaZ
12,DisasterRF,Female,Oneweek,Monthly,8000,Rural,Volcano,dis5.jpg,https://rzp.io/l/Dk45a9yaZ
13,Women,Male,Immediate,Monthly,3000,Rural,Appliances,women3.jpg,https://rzp.io/l/kcrtJphHP
14,Medical,Female,Immediate,Annually,11000,Suburban,Vaccination,doctor2.jpg,https://rzp.io/l/UXabyaM9g
15,Medical,Female,Immediate,Annually,9000,Rural,Child Birth,doctor4.jpg,https://rzp.io/l/UXabyaM9g
16,Education,Female,Twoweeks,Annually,8000,Suburban,Laptop,edu5.jpg,https://rzp.io/l/BFTS4jHt59
17,FoodForNeed,Male,Immediate,Monthly,2000,Rural,Fruits,food5.jpg,https://rzp.io/l/1w0tcUS
18,Education,Female,Immediate,Monthly,19000,Suburban,College,edu2.jpg,https://rzp.io/l/BFTS4jHt59
19,OldAge,Male,Immediate,Quarterly,3000,Rural,Medical Services,old3.jpg,https://rzp.io/l/eS1ken0
20,Women,Male,Oneweek,Annually,1000,Rural,Sanitary Napkins,women4.jpg,https://rzp.io/l/kcrtJphHP
21,FoodForNeed,Male,Immediate,Quarterly,2000,Rural,Meals,food4.jpg,https://rzp.io/l/1w0tcUS
22,OldAge,Male,Twoweeks,Quarterly,3000,Rural,Blankets,old2.jpg,https://rzp.io/l/eS1ken0
23,FoodForNeed,Male,Immediate,Annually,1000,Rural,Breakfast,food2.jpg,https://rzp.io/l/1w0tcUS
24,Education,Female,Oneweek,Annually,2000,Suburban,Facilities,edu3.jpg,https://rzp.io/l/BFTS4jHt59
25,Women,Female,Oneweek,Annually,17000,Suburban,Work For Livelihood,women5.jpg,https://rzp.io/l/kcrtJphHP
26,FoodForNeed,Male,Immediate,Annually,2000,Rural,Soups,food3.jpg,https://rzp.io/l/1w0tcUS
27,OldAge,Male,Twoweeks,Monthly,6000,Urban,Denture cleanser,old4.jpg,https://rzp.io/l/eS1ken0
28,Medical,Female,Oneweek,Monthly,7000,Suburban,Medical Tests,doctor5.jpg,https://rzp.io/l/UXabyaM9g
29,Education,Female,Oneweek,Annually,2000,Urban,School,edu4.jpg,https://rzp.io/l/BFTS4jHt59
30,OldAge,Male,Oneweek,Annually,3000,Rural,Lotions,old5.jpg,https://rzp.io/l/eS1ken0
31,Education,Male,Oneweek,Quarterly,1000,Suburban,Books,edu6.jpg,https://rzp.io/l/BFTS4jHt59
32,DisasterRF,Male,Immediate,Annually,20000,Urban,Housing,dis6.jpg,https://rzp.io/l/Dk45a9yaZ
33,Women,Male,Twoweeks,Annually,4000,Suburban,Clothes,women1.jpg,https://rzp.io/l/kcrtJphHP
34,Women,Female,Oneweek,Annually,11000,Urban,Clothes,women2.jpg,https://rzp.io/l/kcrtJphHP
35,OldAge,Male,Oneweek,Monthly,15000,Rural,Denture cleanser,old6.jpg,https://rzp.io/l/eS1ken0
36,FoodForNeed,Male,Oneweek,Quarterly,5000,Rural,Soups,food6.jpg,https://rzp.io/l/1w0tcUS
37,OldAge,Female,Oneweek,Monthly,18000,Urban,Denture cleanser,old7.jpg,https://rzp.io/l/eS1ken0
38,OldAge,Male,Immediate,Quarterly,2000,Rural,Denture cleanser,old8.jpg,https://rzp.io/l/eS1ken0
39,OldAge,Male,Twoweeks,Monthly,5000,Rural,Denture cleanser,old9.jpg,https://rzp.io/l/eS1ken0
40,Education,Male,Immediate,Monthly,3000,Rural,Books,edu7.jpg,https://rzp.io/l/BFTS4jHt59
41,Education,Female,Oneweek,Annually,17000,Rural,School,edu8.jpg,https://rzp.io/l/BFTS4jHt59
42,Education,Female,Twoweeks,Quarterly,1000,Urban,Books,edu9.jpg,https://rzp.io/l/BFTS4jHt59
43,Education,Female,Twoweeks,Annually,11000,Suburban,School,edu10.jpg,https://rzp.io/l/BFTS4jHt59
44,OldAge,Female,Oneweek,Monthly,1000,Rural,Lotions,old10.jpg,https://rzp.io/l/eS1ken0
45,Medical,Male,Twoweeks,Annually,4000,Rural,Surgery,doctor6.jpg,https://rzp.io/l/UXabyaM9g
46,Medical,Female,Immediate,Monthly,9000,Rural,Surgery,doctor7.jpg,https://rzp.io/l/UXabyaM9g
47,DisasterRF,Male,Immediate,Quarterly,7000,Suburban,Housing,dis7.jpg,https://rzp.io/l/Dk45a9yaZ
48,DisasterRF,Male,Twoweeks,Quarterly,11000,Rural,Housing,dis8.jpg,https://rzp.io/l/Dk45a9yaZ
49,Education,Female,Oneweek,Quarterly,5000,Suburban,Laptop,edu11.jpg,https://rzp.io/l/BFTS4jHt59
50,DisasterRF,Male,Immediate,Annually,6000,Rural,Housing,dis9.jpg,https://rzp.io/l/Dk45a9yaZ
51,Women,Male,Twoweeks,Monthly,4000,Urban,Clothes,women3.jpg,https://rzp.io/l/kcrtJphHP
52,Women,Female,Twoweeks,Annually,14000,Suburban,Clothes,women4.jpg,https://rzp.io/l/kcrtJphHP
53,OldAge,Male,Oneweek,Annually,15000,Suburban,Lotions,old11.jpg,https://rzp.io/l/eS1ken0
54,FoodForNeed,Male,Oneweek,Quarterly,3000,Rural,Soups,food7.jpg,https://rzp.io/l/1w0tcUS
55,OldAge,Male,Oneweek,Monthly,13000,Suburban,Lotions,old12.jpg,https://rzp.io/l/eS1ken0
56,Medical,Female,Twoweeks,Monthly,10000,Suburban,Surgery,doctor13.jpg,https://rzp.io/l/UXabyaM9g
57,Medical,Male,Oneweek,Annually,14000,Suburban,Surgery,doctor11.jpg,https://rzp.io/l/UXabyaM9g
58,DisasterRF,Female,Oneweek,Quarterly,4000,Suburban,Housing,dis10.jpg,https://rzp.io/l/Dk45a9yaZ
59,DisasterRF,Female,Twoweeks,Monthly,19000,Urban,Housing,dis11.jpg,https://rzp.io/l/Dk45a9yaZ
60,Education,Female,Immediate,Annually,16000,Suburban,Books,edu12.jpg,https://rzp.io/l/BFTS4jHt59
61,DisasterRF,Male,Twoweeks,Quarterly,19000,Rural,Housing,dis12.jpg,https://rzp.io/l/Dk45a9yaZ
62,Women,Female,Oneweek,Annually,8000,Rural,Clothes,women5.jpg,https://rzp.io/l/kcrtJphHP
63,Women,Male,Twoweeks,Monthly,3000,Rural,Clothes,women6.jpg,https://rzp.io/l/kcrtJphHP
64,OldAge,Male,Twoweeks,Quarterly,16000,Urban,Lotions,old12.jpg,https://rzp.io/l/eS1ken0
65,FoodForNeed,Female,Oneweek,Annually,17000,Rural,Soups,food8.jpg,https://rzp.io/l/1w0tcUS
66,OldAge,Male,Twoweeks,Monthly,8000,Rural,Lotions,old13.jpg,https://rzp.io/l/eS1ken0
67,OldAge,Male,Twoweeks,Annually,15000,Suburban,Lotions,old14.jpg,https://rzp.io/l/eS1ken0
68,OldAge,Female,Oneweek,Quarterly,9000,Rural,Lotions,old15.jpg,https://rzp.io/l/eS1ken0
69,Medical,Male,Immediate,Quarterly,2000,Suburban,Surgery,doctor8.jpg,https://rzp.io/l/UXabyaM9g
70,Medical,Male,Twoweeks,Quarterly,2000,Urban,Surgery,doctor9.jpg,https://rzp.io/l/UXabyaM9g
71,DisasterRF,Female,Oneweek,Quarterly,15000,Suburban,Housing,dis13.jpg,https://rzp.io/l/Dk45a9yaZ
72,DisasterRF,Male,Immediate,Annually,11000,Rural,Housing,dis14.jpg,https://rzp.io/l/Dk45a9yaZ
73,Education,Male,Immediate,Annually,12000,Rural,Books,edu13.jpg,https://rzp.io/l/BFTS4jHt59
74,DisasterRF,Female,Oneweek,Quarterly,9000,Urban,Housing,dis15.jpg,https://rzp.io/l/Dk45a9yaZ
75,Women,Male,Twoweeks,Monthly,7000,Rural,Clothes,women7.jpg,https://rzp.io/l/kcrtJphHP
76,Women,Female,Twoweeks,Annually,6000,Urban,Clothes,women8.jpg,https://rzp.io/l/kcrtJphHP
77,OldAge,Male,Oneweek,Quarterly,10000,Rural,Lotions,old16.jpg,https://rzp.io/l/eS1ken0
78,FoodForNeed,Female,Immediate,Monthly,3000,Suburban,Soups,food9.jpg,https://rzp.io/l/1w0tcUS
79,Education,Male,Immediate,Quarterly,20000,Rural,Books,edu14.jpg,https://rzp.io/l/BFTS4jHt59
80,Women,Female,Twoweeks,Annually,5000,Rural,Clothes,women9.jpg,https://rzp.io/l/kcrtJphHP
81,Women,Female,Immediate,Quarterly,10000,Urban,Clothes,women10.jpg,https://rzp.io/l/kcrtJphHP
82,OldAge,Male,Oneweek,Annually,11000,Urban,Lotions,old17.jpg,https://rzp.io/l/eS1ken0
83,Medical,Female,Twoweeks,Quarterly,17000,Rural,Surgery,doctor10.jpg,https://rzp.io/l/UXabyaM9g
84,Medical,Male,Twoweeks,Monthly,16000,Rural,Surgery,doctor11.jpg,https://rzp.io/l/UXabyaM9g
85,DisasterRF,Male,Oneweek,Annually,13000,Urban,Housing,dis16.jpg,https://rzp.io/l/Dk45a9yaZ
86,DisasterRF,Female,Immediate,Annually,16000,Urban,Housing,dis17.jpg,https://rzp.io/l/Dk45a9yaZ
87,Education,Female,Immediate,Monthly,20000,Rural,Books,edu15.jpg,https://rzp.io/l/BFTS4jHt59
88,DisasterRF,Male,Immediate,Quarterly,12000,Urban,Housing,dis18.jpg,https://rzp.io/l/Dk45a9yaZ
89,Women,Female,Twoweeks,Annually,4000,Rural,Clothes,women11.jpg,https://rzp.io/l/kcrtJphHP
90,Women,Male,Oneweek,Monthly,15000,Rural,Clothes,women12.jpg,https://rzp.io/l/kcrtJphHP
91,OldAge,Female,Twoweeks,Annually,2000,Urban,Lotions,old18.jpg,https://rzp.io/l/eS1ken0
92,FoodForNeed,Male,Twoweeks,Quarterly,12000,Suburban,Soups,food10.jpg,https://rzp.io/l/1w0tcUS
93,Medical,Male,Oneweek,Monthly,10000,Urban,Surgery,doctor12.jpg,https://rzp.io/l/UXabyaM9g
94,DisasterRF,Male,Oneweek,Annually,11000,Suburban,Housing,dis19.jpg,https://rzp.io/l/Dk45a9yaZ
95,OldAge,Female,Twoweeks,Quarterly,1000,Urban,Lotions,old19.jpg,https://rzp.io/l/eS1ken0
96,Medical,Male,Twoweeks,Annually,14000,Suburban,Surgery,doctor1.jpg,https://rzp.io/l/UXabyaM9g
97,DisasterRF,Male,Oneweek,Monthly,9000,Urban,Housing,dis20.jpg,https://rzp.io/l/Dk45a9yaZ
98,Medical,Female,Immediate,Quarterly,1000,Suburban,Surgery,doctor13.jpg,https://rzp.io/l/UXabyaM9g
99,DisasterRF,Male,Immediate,Annually,19000,Urban,Treatment,dis1.jpg,https://rzp.io/l/Dk45a9yaZ
100,Education,Female,Oneweek,Annually,16000,Rural,Books,edu16.jpg,https://rzp.io/l/BFTS4jHt59
101,Women,Male,Oneweek,Monthly,16000,Urban,Clothes,women13.jpg,https://rzp.io/l/kcrtJphHP
102,Women,Male,Immediate,Annually,7000,Suburban,Clothes,women14.jpg,https://rzp.io/l/kcrtJphHP
103,Medical,Female,Twoweeks,Quarterly,13000,Urban,Surgery,doctor14.jpg,https://rzp.io/l/UXabyaM9g
104,DisasterRF,Male,Immediate,Quarterly,9000,Rural,Treatment,dis2.jpg,https://rzp.io/l/Dk45a9yaZ
105,Medical,Male,Immediate,Quarterly,5000,Urban,Medicines,doctor15.jpg,https://rzp.io/l/UXabyaM9g
106,DisasterRF,Female,Oneweek,Quarterly,3000,Urban,Treatment,dis3.jpg,https://rzp.io/l/Dk45a9yaZ
107,DisasterRF,Male,Twoweeks,Annually,5000,Urban,Treatment,dis4.jpg,https://rzp.io/l/Dk45a9yaZ
108,Education,Female,Twoweeks,Monthly,14000,Urban,Books,edu17.jpg,https://rzp.io/l/BFTS4jHt59
109,DisasterRF,Male,Twoweeks,Annually,1000,Urban,Treatment,dis5.jpg,https://rzp.io/l/Dk45a9yaZ
110,Women,Female,Oneweek,Quarterly,4000,Urban,Fight For Justice,women15.jpg,https://rzp.io/l/kcrtJphHP
111,Women,Male,Immediate,Annually,4000,Rural,Fight For Justice,women1.jpg,https://rzp.io/l/kcrtJphHP
112,OldAge,Female,Immediate,Quarterly,7000,Rural,Lotions,old20.jpg,https://rzp.io/l/eS1ken0
113,FoodForNeed,Male,Twoweeks,Monthly,9000,Rural,Soups,food11.jpg,https://rzp.io/l/1w0tcUS
114,OldAge,Male,Oneweek,Annually,4000,Rural,Blankets,old1.jpg,https://rzp.io/l/eS1ken0
115,Medical,Female,Oneweek,Monthly,20000,Urban,Medicines,doctor1.jpg,https://rzp.io/l/UXabyaM9g
116,Medical,Male,Immediate,Monthly,6000,Rural,Medicines,doctor16.jpg,https://rzp.io/l/UXabyaM9g
117,DisasterRF,Female,Oneweek,Annually,9000,Rural,Treatment,dis6.jpg,https://rzp.io/l/Dk45a9yaZ
118,DisasterRF,Female,Immediate,Quarterly,4000,Urban,Treatment,dis7.jpg,https://rzp.io/l/Dk45a9yaZ
119,Education,Male,Twoweeks,Monthly,20000,Urban,Books,edu18.jpg,https://rzp.io/l/BFTS4jHt59
120,DisasterRF,Female,Oneweek,Quarterly,2000,Suburban,Treatment,dis8.jpg,https://rzp.io/l/Dk45a9yaZ
121,Women,Male,Twoweeks,Annually,6000,Rural,Fight For Justice,women2.jpg,https://rzp.io/l/kcrtJphHP
122,Women,Male,Oneweek,Annually,9000,Urban,Fight For Justice,women3.jpg,https://rzp.io/l/kcrtJphHP
123,OldAge,Female,Immediate,Monthly,20000,Rural,Lotions,old2.jpg,https://rzp.io/l/eS1ken0
124,FoodForNeed,Female,Immediate,Annually,2000,Rural,Soups,food12.jpg,https://rzp.io/l/1w0tcUS
125,Education,Male,Immediate,Quarterly,13000,Rural,Books,edu1.jpg,https://rzp.io/l/BFTS4jHt59
126,Medical,Male,Oneweek,Annually,20000,Urban,Medicines,doctor2.jpg,https://rzp.io/l/UXabyaM9g
127,DisasterRF,Female,Twoweeks,Annually,19000,Urban,Treatment,dis9.jpg,https://rzp.io/l/Dk45a9yaZ
128,Education,Male,Immediate,Annually,20000,Rural,Books,edu2.jpg,https://rzp.io/l/BFTS4jHt59
129,Medical,Female,Oneweek,Quarterly,2000,Urban,Medicines,doctor17.jpg,https://rzp.io/l/UXabyaM9g
130,Medical,Male,Twoweeks,Annually,19000,Suburban,Medicines,doctor3.jpg,https://rzp.io/l/UXabyaM9g
131,DisasterRF,Female,Twoweeks,Monthly,8000,Urban,Treatment,dis10.jpg,https://rzp.io/l/Dk45a9yaZ
132,DisasterRF,Male,Oneweek,Annually,14000,Urban,Treatment,dis11.jpg,https://rzp.io/l/Dk45a9yaZ
133,Education,Male,Immediate,Quarterly,4000,Urban,Books,edu3.jpg,https://rzp.io/l/BFTS4jHt59
134,DisasterRF,Male,Oneweek,Monthly,6000,Urban,Treatment,dis12.jpg,https://rzp.io/l/Dk45a9yaZ
135,Women,Female,Oneweek,Monthly,10000,Suburban,Fight For Justice,women4.jpg,https://rzp.io/l/kcrtJphHP
136,Women,Male,Oneweek,Monthly,12000,Suburban,Fight For Justice,women5.jpg,https://rzp.io/l/kcrtJphHP
137,OldAge,Male,Oneweek,Monthly,11000,Rural,Denture cleanser,old3.jpg,https://rzp.io/l/eS1ken0
138,FoodForNeed,Female,Twoweeks,Quarterly,7000,Urban,Soups,food13.jpg,https://rzp.io/l/1w0tcUS
139,Medical,Male,Twoweeks,Annually,16000,Rural,Medicines,doctor18.jpg,https://rzp.io/l/UXabyaM9g
140,DisasterRF,Female,Twoweeks,Quarterly,14000,Urban,Treatment,dis13.jpg,https://rzp.io/l/Dk45a9yaZ
141,Education,Male,Oneweek,Quarterly,3000,Suburban,Books,edu4.jpg,https://rzp.io/l/BFTS4jHt59
142,Women,Male,Immediate,Quarterly,8000,Urban,Fight For Justice,women6.jpg,https://rzp.io/l/kcrtJphHP
143,Women,Female,Twoweeks,Quarterly,15000,Urban,Fight For Justice,women7.jpg,https://rzp.io/l/kcrtJphHP
144,DisasterRF,Female,Oneweek,Annually,6000,Rural,Treatment,dis14.jpg,https://rzp.io/l/Dk45a9yaZ
145,Education,Male,Twoweeks,Monthly,20000,Rural,School,edu5.jpg,https://rzp.io/l/BFTS4jHt59
146,Women,Female,Oneweek,Annually,6000,Urban,Fight For Justice,women8.jpg,https://rzp.io/l/kcrtJphHP
147,Women,Female,Immediate,Monthly,11000,Urban,Fight For Justice,women9.jpg,https://rzp.io/l/kcrtJphHP
148,Medical,Male,Immediate,Quarterly,15000,Urban,Medicines,doctor19.jpg,https://rzp.io/l/UXabyaM9g
149,DisasterRF,Female,Oneweek,Monthly,4000,Urban,Treatment,dis15.jpg,https://rzp.io/l/Dk45a9yaZ
150,DisasterRF,Male,Twoweeks,Quarterly,4000,Urban,Tsunami,dis16.jpg,https://rzp.io/l/Dk45a9yaZ
151,Education,Male,Immediate,Monthly,1000,Urban,Books,edu6.jpg,https://rzp.io/l/BFTS4jHt59
152,DisasterRF,Female,Oneweek,Annually,10000,Rural,Tsunami,dis17.jpg,https://rzp.io/l/Dk45a9yaZ
153,Women,Male,Twoweeks,Monthly,11000,Urban,Fight For Justice,women10.jpg,https://rzp.io/l/kcrtJphHP
154,Women,Female,Twoweeks,Annually,9000,Suburban,Fight For Justice,women11.jpg,https://rzp.io/l/kcrtJphHP
155,OldAge,Male,Twoweeks,Monthly,13000,Urban,Denture cleanser,old4.jpg,https://rzp.io/l/eS1ken0
156,FoodForNeed,Male,Oneweek,Monthly,15000,Suburban,Soups,food14.jpg,https://rzp.io/l/1w0tcUS
157,Medical,Female,Immediate,Quarterly,15000,Rural,Medicines,doctor2.jpg,https://rzp.io/l/UXabyaM9g
158,Medical,Female,Twoweeks,Monthly,15000,Rural,Medicines,doctor3.jpg,https://rzp.io/l/UXabyaM9g
159,DisasterRF,Male,Immediate,Annually,11000,Rural,Tsunami,dis18.jpg,https://rzp.io/l/Dk45a9yaZ
160,DisasterRF,Female,Twoweeks,Quarterly,3000,Urban,Tsunami,dis19.jpg,https://rzp.io/l/Dk45a9yaZ
161,Education,Male,Twoweeks,Annually,4000,Urban,School,edu7.jpg,https://rzp.io/l/BFTS4jHt59
162,DisasterRF,Female,Immediate,Quarterly,18000,Suburban,Tsunami,dis20.jpg,https://rzp.io/l/Dk45a9yaZ
163,Women,Male,Immediate,Annually,2000,Rural,Fight For Justice,women12.jpg,https://rzp.io/l/kcrtJphHP
164,Women,Female,Twoweeks,Annually,4000,Rural,Fight For Justice,women13.jpg,https://rzp.io/l/kcrtJphHP
165,OldAge,Male,Twoweeks,Quarterly,5000,Suburban,Denture cleanser,old5.jpg,https://rzp.io/l/eS1ken0
166,FoodForNeed,Female,Oneweek,Monthly,1000,Urban,Soups,food15.jpg,https://rzp.io/l/1w0tcUS
167,Medical,Male,Twoweeks,Annually,17000,Rural,Medicines,doctor4.jpg,https://rzp.io/l/UXabyaM9g
168,DisasterRF,Male,Immediate,Monthly,8000,Urban,Tsunami,dis1.jpg,https://rzp.io/l/Dk45a9yaZ
169,Medical,Female,Immediate,Annually,17000,Suburban,Medicines,doctor3.jpg,https://rzp.io/l/UXabyaM9g
170,Medical,Female,Immediate,Quarterly,2000,Urban,Medicines,doctor10.jpg,https://rzp.io/l/UXabyaM9g
171,DisasterRF,Male,Oneweek,Annually,14000,Rural,Tsunami,dis2.jpg,https://rzp.io/l/Dk45a9yaZ
172,DisasterRF,Female,Twoweeks,Monthly,4000,Suburban,Tsunami,dis3.jpg,https://rzp.io/l/Dk45a9yaZ
173,Education,Male,Twoweeks,Quarterly,8000,Urban,School,edu8.jpg,https://rzp.io/l/BFTS4jHt59
174,DisasterRF,Female,Twoweeks,Annually,13000,Rural,Tsunami,dis4.jpg,https://rzp.io/l/Dk45a9yaZ
175,Women,Male,Twoweeks,Monthly,12000,Suburban,Fight For Justice,women14.jpg,https://rzp.io/l/kcrtJphHP
176,Women,Male,Oneweek,Annually,10000,Urban,Appliances,women15.jpg,https://rzp.io/l/kcrtJphHP
177,OldAge,Male,Oneweek,Annually,20000,Rural,Denture cleanser,old6.jpg,https://rzp.io/l/eS1ken0
178,FoodForNeed,Female,Twoweeks,Monthly,1000,Urban,Breakfast,food16.jpg,https://rzp.io/l/1w0tcUS
179,Medical,Male,Twoweeks,Annually,11000,Urban,Medicines,doctor1.jpg,https://rzp.io/l/UXabyaM9g
180,DisasterRF,Male,Immediate,Quarterly,14000,Urban,Tsunami,dis5.jpg,https://rzp.io/l/Dk45a9yaZ
181,Medical,Female,Oneweek,Annually,17000,Urban,Medicines,doctor4.jpg,https://rzp.io/l/UXabyaM9g
182,DisasterRF,Male,Immediate,Quarterly,8000,Rural,Tsunami,dis6.jpg,https://rzp.io/l/Dk45a9yaZ
183,Education,Female,Oneweek,Annually,17000,Suburban,Books,edu9.jpg,https://rzp.io/l/BFTS4jHt59
184,Women,Female,Immediate,Monthly,20000,Urban,Appliances,women1.jpg,https://rzp.io/l/kcrtJphHP
185,Women,Male,Oneweek,Quarterly,1000,Suburban,Appliances,women2.jpg,https://rzp.io/l/kcrtJphHP
186,DisasterRF,Female,Oneweek,Annually,9000,Urban,Tsunami,dis7.jpg,https://rzp.io/l/Dk45a9yaZ
187,Medical,Male,Immediate,Monthly,20000,Urban,Medicines,doctor5.jpg,https://rzp.io/l/UXabyaM9g
188,Medical,Male,Immediate,Quarterly,6000,Suburban,Medicines,doctor6.jpg,https://rzp.io/l/UXabyaM9g
189,DisasterRF,Female,Immediate,Annually,7000,Suburban,Tsunami,dis8.jpg,https://rzp.io/l/Dk45a9yaZ
190,DisasterRF,Male,Oneweek,Monthly,2000,Urban,Tsunami,dis9.jpg,https://rzp.io/l/Dk45a9yaZ
191,Education,Female,Twoweeks,Annually,3000,Rural,Facilities,edu10.jpg,https://rzp.io/l/BFTS4jHt59
192,DisasterRF,Female,Oneweek,Quarterly,18000,Urban,Tsunami,dis10.jpg,https://rzp.io/l/Dk45a9yaZ
193,Women,Male,Oneweek,Annually,3000,Suburban,Appliances,women3.jpg,https://rzp.io/l/kcrtJphHP
194,Women,Male,Twoweeks,Monthly,2000,Urban,Appliances,women4.jpg,https://rzp.io/l/kcrtJphHP
195,OldAge,Female,Oneweek,Quarterly,19000,Suburban,Denture cleanser,old7.jpg,https://rzp.io/l/eS1ken0
196,FoodForNeed,Male,Immediate,Quarterly,8000,Rural,Breakfast,food17.jpg,https://rzp.io/l/1w0tcUS
197,Medical,Male,Oneweek,Monthly,19000,Suburban,Vaccination,doctor7.jpg,https://rzp.io/l/UXabyaM9g
198,Medical,Female,Oneweek,Annually,8000,Urban,Vaccination,doctor8.jpg,https://rzp.io/l/UXabyaM9g
199,DisasterRF,Male,Twoweeks,Quarterly,6000,Rural,Earthquake,dis11.jpg,https://rzp.io/l/Dk45a9yaZ
200,DisasterRF,Male,Oneweek,Monthly,9000,Suburban,Earthquake,dis12.jpg,https://rzp.io/l/Dk45a9yaZ
201,Education,Female,Oneweek,Monthly,9000,Rural,College,edu11.jpg,https://rzp.io/l/BFTS4jHt59
202,DisasterRF,Male,Immediate,Monthly,20000,Suburban,Earthquake,dis13.jpg,https://rzp.io/l/Dk45a9yaZ
203,Women,Male,Twoweeks,Monthly,13000,Suburban,Appliances,women5.jpg,https://rzp.io/l/kcrtJphHP
204,Women,Female,Oneweek,Annually,16000,Rural,Appliances,women6.jpg,https://rzp.io/l/kcrtJphHP
205,OldAge,Female,Oneweek,Annually,12000,Rural,Denture cleanser,old8.jpg,https://rzp.io/l/eS1ken0
206,FoodForNeed,Female,Twoweeks,Monthly,16000,Urban,Breakfast,food18.jpg,https://rzp.io/l/1w0tcUS
207,Medical,Male,Immediate,Annually,18000,Rural,Vaccination,doctor9.jpg,https://rzp.io/l/UXabyaM9g
208,DisasterRF,Female,Oneweek,Quarterly,18000,Rural,Earthquake,dis14.jpg,https://rzp.io/l/Dk45a9yaZ
209,Medical,Male,Immediate,Annually,3000,Rural,Vaccination,doctor10.jpg,https://rzp.io/l/UXabyaM9g
210,Medical,Male,Twoweeks,Quarterly,18000,Rural,Vaccination,doctor13.jpg,https://rzp.io/l/UXabyaM9g
211,DisasterRF,Female,Oneweek,Annually,4000,Rural,Earthquake,dis15.jpg,https://rzp.io/l/Dk45a9yaZ
212,DisasterRF,Female,Immediate,Monthly,17000,Urban,Earthquake,dis16.jpg,https://rzp.io/l/Dk45a9yaZ
213,Education,Male,Twoweeks,Monthly,13000,Rural,Facilities,edu12.jpg,https://rzp.io/l/BFTS4jHt59
214,DisasterRF,Male,Oneweek,Monthly,2000,Suburban,Earthquake,dis17.jpg,https://rzp.io/l/Dk45a9yaZ
215,Women,Female,Twoweeks,Monthly,13000,Urban,Appliances,women7.jpg,https://rzp.io/l/kcrtJphHP
216,Women,Male,Oneweek,Annually,14000,Suburban,Appliances,women8.jpg,https://rzp.io/l/kcrtJphHP
217,OldAge,Male,Oneweek,Monthly,14000,Suburban,Denture cleanser,old9.jpg,https://rzp.io/l/eS1ken0
218,FoodForNeed,Female,Immediate,Annually,9000,Rural,Breakfast,food19.jpg,https://rzp.io/l/1w0tcUS
219,Education,Female,Twoweeks,Monthly,15000,Rural,Books,edu13.jpg,https://rzp.io/l/BFTS4jHt59
220,Women,Male,Immediate,Annually,7000,Rural,Appliances,women9.jpg,https://rzp.io/l/kcrtJphHP
221,Women,Male,Twoweeks,Monthly,14000,Rural,Appliances,women10.jpg,https://rzp.io/l/kcrtJphHP
222,Medical,Male,Oneweek,Monthly,3000,Suburban,Vaccination,doctor11.jpg,https://rzp.io/l/UXabyaM9g
223,DisasterRF,Female,Twoweeks,Annually,16000,Urban,Earthquake,dis18.jpg,https://rzp.io/l/Dk45a9yaZ
224,DisasterRF,Male,Twoweeks,Monthly,17000,Suburban,Earthquake,dis19.jpg,https://rzp.io/l/Dk45a9yaZ
225,Education,Male,Oneweek,Annually,20000,Rural,Facilities,edu14.jpg,https://rzp.io/l/BFTS4jHt59
226,DisasterRF,Female,Immediate,Quarterly,2000,Urban,Earthquake,dis20.jpg,https://rzp.io/l/Dk45a9yaZ
227,Women,Male,Oneweek,Annually,11000,Rural,Appliances,women11.jpg,https://rzp.io/l/kcrtJphHP
228,Women,Male,Twoweeks,Monthly,8000,Urban,Appliances,women12.jpg,https://rzp.io/l/kcrtJphHP
229,OldAge,Female,Oneweek,Annually,2000,Suburban,Denture cleanser,old10.jpg,https://rzp.io/l/eS1ken0
230,FoodForNeed,Female,Immediate,Annually,4000,Suburban,Breakfast,food20.jpg,https://rzp.io/l/1w0tcUS
231,Medical,Male,Twoweeks,Monthly,10000,Rural,Vaccination,doctor12.jpg,https://rzp.io/l/UXabyaM9g
232,Medical,Male,Immediate,Annually,16000,Suburban,Vaccination,doctor13.jpg,https://rzp.io/l/UXabyaM9g
233,DisasterRF,Female,Oneweek,Monthly,13000,Rural,Earthquake,dis1.jpg,https://rzp.io/l/Dk45a9yaZ
234,DisasterRF,Female,Twoweeks,Quarterly,3000,Rural,Earthquake,dis2.jpg,https://rzp.io/l/Dk45a9yaZ
235,Education,Male,Twoweeks,Monthly,4000,Rural,Books,edu15.jpg,https://rzp.io/l/BFTS4jHt59
236,DisasterRF,Male,Twoweeks,Monthly,10000,Suburban,Earthquake,dis3.jpg,https://rzp.io/l/Dk45a9yaZ
237,Women,Female,Oneweek,Annually,11000,Suburban,Appliances,women13.jpg,https://rzp.io/l/kcrtJphHP
238,Women,Male,Oneweek,Monthly,19000,Urban,Appliances,women14.jpg,https://rzp.io/l/kcrtJphHP
239,OldAge,Male,Immediate,Annually,5000,Suburban,Denture cleanser,old11.jpg,https://rzp.io/l/eS1ken0
240,FoodForNeed,Female,Oneweek,Monthly,20000,Suburban,Breakfast,food1.jpg,https://rzp.io/l/1w0tcUS
241,Education,Male,Oneweek,Quarterly,14000,Urban,Laptop,edu16.jpg,https://rzp.io/l/BFTS4jHt59
242,Medical,Male,Immediate,Monthly,16000,Urban,Vaccination,doctor14.jpg,https://rzp.io/l/UXabyaM9g
243,Medical,Female,Twoweeks,Annually,16000,Suburban,Vaccination,doctor15.jpg,https://rzp.io/l/UXabyaM9g
244,DisasterRF,Male,Twoweeks,Monthly,1000,Suburban,Earthquake,dis4.jpg,https://rzp.io/l/Dk45a9yaZ
245,DisasterRF,Female,Oneweek,Monthly,10000,Rural,Earthquake,dis5.jpg,https://rzp.io/l/Dk45a9yaZ
246,Education,Female,Twoweeks,Annually,15000,Rural,Laptop,edu17.jpg,https://rzp.io/l/BFTS4jHt59
247,DisasterRF,Male,Twoweeks,Quarterly,10000,Suburban,Earthquake,dis6.jpg,https://rzp.io/l/Dk45a9yaZ
248,Women,Female,Oneweek,Monthly,15000,Suburban,Sanitary Napkins,women15.jpg,https://rzp.io/l/kcrtJphHP
249,Women,Male,Twoweeks,Annually,12000,Urban,Sanitary Napkins,women1.jpg,https://rzp.io/l/kcrtJphHP
250,OldAge,Male,Twoweeks,Monthly,10000,Suburban,Denture cleanser,old12.jpg,https://rzp.io/l/eS1ken0
251,FoodForNeed,Female,Oneweek,Quarterly,12000,Urban,Breakfast,food2.jpg,https://rzp.io/l/1w0tcUS
252,Education,Female,Immediate,Monthly,11000,Rural,Laptop,edu18.jpg,https://rzp.io/l/BFTS4jHt59
253,Women,Male,Oneweek,Monthly,4000,Rural,Sanitary Napkins,women2.jpg,https://rzp.io/l/kcrtJphHP
254,Women,Male,Oneweek,Monthly,7000,Urban,Sanitary Napkins,women3.jpg,https://rzp.io/l/kcrtJphHP
255,DisasterRF,Female,Twoweeks,Monthly,4000,Suburban,Earthquake,dis7.jpg,https://rzp.io/l/Dk45a9yaZ
256,DisasterRF,Male,Twoweeks,Monthly,16000,Suburban,Earthquake,dis8.jpg,https://rzp.io/l/Dk45a9yaZ
257,Education,Male,Oneweek,Annually,14000,Urban,Laptop,edu1.jpg,https://rzp.io/l/BFTS4jHt59
258,DisasterRF,Female,Oneweek,Monthly,2000,Rural,Earthquake,dis9.jpg,https://rzp.io/l/Dk45a9yaZ
259,Women,Female,Twoweeks,Annually,15000,Urban,Sanitary Napkins,women4.jpg,https://rzp.io/l/kcrtJphHP
260,Women,Female,Immediate,Monthly,12000,Suburban,Sanitary Napkins,women5.jpg,https://rzp.io/l/kcrtJphHP
261,OldAge,Male,Oneweek,Quarterly,2000,Rural,Denture cleanser,old13.jpg,https://rzp.io/l/eS1ken0
262,FoodForNeed,Male,Immediate,Monthly,9000,Urban,Breakfast,food3.jpg,https://rzp.io/l/1w0tcUS
263,Education,Female,Twoweeks,Annually,11000,Rural,Laptop,edu2.jpg,https://rzp.io/l/BFTS4jHt59
264,Medical,Male,Oneweek,Monthly,16000,Suburban,Vaccination,doctor2.jpg,https://rzp.io/l/UXabyaM9g
265,DisasterRF,Male,Immediate,Annually,20000,Suburban,Volcano,dis10.jpg,https://rzp.io/l/Dk45a9yaZ
266,Education,Male,Oneweek,Annually,7000,Suburban,Laptop,edu3.jpg,https://rzp.io/l/BFTS4jHt59
267,Medical,Female,Oneweek,Monthly,1000,Suburban,Vaccination,doctor16.jpg,https://rzp.io/l/UXabyaM9g
268,Medical,Male,Oneweek,Quarterly,16000,Suburban,Vaccination,doctor17.jpg,https://rzp.io/l/UXabyaM9g
269,DisasterRF,Male,Oneweek,Quarterly,9000,Rural,Volcano,dis11.jpg,https://rzp.io/l/Dk45a9yaZ
270,DisasterRF,Female,Oneweek,Monthly,10000,Suburban,Volcano,dis12.jpg,https://rzp.io/l/Dk45a9yaZ
271,Education,Male,Twoweeks,Quarterly,1000,Suburban,Laptop,edu4.jpg,https://rzp.io/l/BFTS4jHt59
272,DisasterRF,Male,Twoweeks,Monthly,9000,Rural,Volcano,dis13.jpg,https://rzp.io/l/Dk45a9yaZ
273,Women,Female,Oneweek,Quarterly,18000,Urban,Sanitary Napkins,women6.jpg,https://rzp.io/l/kcrtJphHP
274,Women,Female,Oneweek,Quarterly,5000,Rural,Sanitary Napkins,women7.jpg,https://rzp.io/l/kcrtJphHP
275,OldAge,Male,Oneweek,Annually,6000,Urban,Blankets,old14.jpg,https://rzp.io/l/eS1ken0
276,FoodForNeed,Male,Oneweek,Monthly,20000,Suburban,Breakfast,food4.jpg,https://rzp.io/l/1w0tcUS
277,Education,Male,Oneweek,Quarterly,15000,Rural,Laptop,edu5.jpg,https://rzp.io/l/BFTS4jHt59
278,Women,Male,Oneweek,Quarterly,5000,Urban,Sanitary Napkins,women8.jpg,https://rzp.io/l/kcrtJphHP
279,Women,Female,Immediate,Annually,20000,Suburban,Sanitary Napkins,women9.jpg,https://rzp.io/l/kcrtJphHP
280,Education,Male,Immediate,Quarterly,20000,Rural,Books,edu6.jpg,https://rzp.io/l/BFTS4jHt59
281,Medical,Female,Immediate,Monthly,7000,Suburban,Vaccination,doctor18.jpg,https://rzp.io/l/UXabyaM9g
282,Medical,Male,Oneweek,Annually,18000,Rural,Vaccination,doctor19.jpg,https://rzp.io/l/UXabyaM9g
283,DisasterRF,Male,Twoweeks,Monthly,11000,Suburban,Volcano,dis14.jpg,https://rzp.io/l/Dk45a9yaZ
284,DisasterRF,Female,Oneweek,Quarterly,12000,Urban,Volcano,dis15.jpg,https://rzp.io/l/Dk45a9yaZ
285,Education,Female,Oneweek,Quarterly,16000,Suburban,Laptop,edu7.jpg,https://rzp.io/l/BFTS4jHt59
286,DisasterRF,Male,Oneweek,Quarterly,14000,Rural,Volcano,dis16.jpg,https://rzp.io/l/Dk45a9yaZ
287,Women,Male,Twoweeks,Monthly,11000,Rural,Sanitary Napkins,women10.jpg,https://rzp.io/l/kcrtJphHP
288,Women,Female,Twoweeks,Annually,14000,Suburban,Sanitary Napkins,women11.jpg,https://rzp.io/l/kcrtJphHP
289,OldAge,Female,Twoweeks,Annually,16000,Urban,Blankets,old15.jpg,https://rzp.io/l/eS1ken0
290,FoodForNeed,Female,Twoweeks,Monthly,7000,Suburban,Breakfast,food5.jpg,https://rzp.io/l/1w0tcUS
291,Medical,Female,Oneweek,Annually,11000,Suburban,Child Birth,doctor2.jpg,https://rzp.io/l/UXabyaM9g
292,DisasterRF,Female,Immediate,Monthly,14000,Urban,Volcano,dis17.jpg,https://rzp.io/l/Dk45a9yaZ
293,Medical,Male,Immediate,Annually,4000,Rural,Child Birth,doctor1.jpg,https://rzp.io/l/UXabyaM9g
294,Medical,Male,Immediate,Quarterly,16000,Urban,Child Birth,doctor3.jpg,https://rzp.io/l/UXabyaM9g
295,DisasterRF,Male,Oneweek,Monthly,12000,Rural,Volcano,dis18.jpg,https://rzp.io/l/Dk45a9yaZ
296,DisasterRF,Female,Twoweeks,Annually,17000,Rural,Volcano,dis19.jpg,https://rzp.io/l/Dk45a9yaZ
297,Education,Female,Twoweeks,Quarterly,4000,Urban,Laptop,edu8.jpg,https://rzp.io/l/BFTS4jHt59
298,DisasterRF,Male,Twoweeks,Annually,15000,Suburban,Volcano,dis20.jpg,https://rzp.io/l/Dk45a9yaZ
299,Women,Female,Twoweeks,Monthly,19000,Rural,Sanitary Napkins,women12.jpg,https://rzp.io/l/kcrtJphHP
300,Women,Female,Oneweek,Annually,17000,Urban,Sanitary Napkins,women13.jpg,https://rzp.io/l/kcrtJphHP
301,OldAge,Male,Twoweeks,Quarterly,14000,Urban,Blankets,old16.jpg,https://rzp.io/l/eS1ken0
302,FoodForNeed,Female,Twoweeks,Annually,11000,Urban,Breakfast,food6.jpg,https://rzp.io/l/1w0tcUS
303,Medical,Male,Twoweeks,Quarterly,18000,Rural,Child Birth,doctor4.jpg,https://rzp.io/l/UXabyaM9g
304,DisasterRF,Male,Twoweeks,Monthly,20000,Rural,Volcano,dis1.jpg,https://rzp.io/l/Dk45a9yaZ
305,Education,Male,Oneweek,Annually,4000,Urban,College,edu9.jpg,https://rzp.io/l/BFTS4jHt59
306,Women,Female,Immediate,Quarterly,16000,Suburban,Sanitary Napkins,women14.jpg,https://rzp.io/l/kcrtJphHP
307,Women,Female,Immediate,Monthly,9000,Suburban,Sanitary Napkins,women15.jpg,https://rzp.io/l/kcrtJphHP
308,Education,Female,Immediate,Quarterly,14000,Rural,College,edu10.jpg,https://rzp.io/l/BFTS4jHt59
309,Women,Female,Twoweeks,Monthly,19000,Urban,Sanitary Napkins,women1.jpg,https://rzp.io/l/kcrtJphHP
310,Women,Female,Oneweek,Monthly,10000,Urban,Sanitary Napkins,women2.jpg,https://rzp.io/l/kcrtJphHP
311,Medical,Male,Immediate,Monthly,15000,Suburban,Child Birth,doctor5.jpg,https://rzp.io/l/UXabyaM9g
312,DisasterRF,Male,Oneweek,Monthly,18000,Urban,Volcano,dis2.jpg,https://rzp.io/l/Dk45a9yaZ
313,Medical,Male,Oneweek,Annually,2000,Suburban,Child Birth,doctor6.jpg,https://rzp.io/l/UXabyaM9g
314,Medical,Female,Twoweeks,Quarterly,17000,Rural,Child Birth,doctor7.jpg,https://rzp.io/l/UXabyaM9g
315,DisasterRF,Male,Twoweeks,Monthly,2000,Urban,Volcano,dis3.jpg,https://rzp.io/l/Dk45a9yaZ
316,DisasterRF,Male,Oneweek,Quarterly,2000,Rural,Volcano,dis4.jpg,https://rzp.io/l/Dk45a9yaZ
317,Education,Female,Oneweek,Annually,1000,Rural,College,edu11.jpg,https://rzp.io/l/BFTS4jHt59
318,DisasterRF,Male,Immediate,Annually,17000,Rural,Volcano,dis5.jpg,https://rzp.io/l/Dk45a9yaZ
319,Women,Male,Oneweek,Monthly,1000,Rural,Work For Livelihood,women3.jpg,https://rzp.io/l/kcrtJphHP
320,Women,Female,Oneweek,Annually,4000,Suburban,Work For Livelihood,women4.jpg,https://rzp.io/l/kcrtJphHP
321,OldAge,Female,Twoweeks,Monthly,15000,Suburban,Blankets,old17.jpg,https://rzp.io/l/eS1ken0
322,FoodForNeed,Male,Twoweeks,Quarterly,18000,Suburban,Breakfast,food7.jpg,https://rzp.io/l/1w0tcUS
323,Medical,Male,Twoweeks,Annually,11000,Suburban,Child Birth,doctor8.jpg,https://rzp.io/l/UXabyaM9g
324,DisasterRF,Female,Twoweeks,Monthly,19000,Rural,Volcano,dis6.jpg,https://rzp.io/l/Dk45a9yaZ
325,Education,Female,Immediate,Annually,2000,Rural,College,edu12.jpg,https://rzp.io/l/BFTS4jHt59
326,Medical,Male,Immediate,Quarterly,10000,Urban,Child Birth,doctor9.jpg,https://rzp.io/l/UXabyaM9g
327,Medical,Male,Immediate,Quarterly,4000,Urban,Child Birth,doctor10.jpg,https://rzp.io/l/UXabyaM9g
328,DisasterRF,Female,Immediate,Annually,3000,Suburban,Volcano,dis7.jpg,https://rzp.io/l/Dk45a9yaZ
329,DisasterRF,Female,Oneweek,Monthly,9000,Urban,Volcano,dis8.jpg,https://rzp.io/l/Dk45a9yaZ
330,Education,Female,Oneweek,Quarterly,6000,Urban,College,edu13.jpg,https://rzp.io/l/BFTS4jHt59
331,DisasterRF,Female,Twoweeks,Monthly,10000,Suburban,Volcano,dis9.jpg,https://rzp.io/l/Dk45a9yaZ
332,Women,Female,Immediate,Quarterly,4000,Rural,Work For Livelihood,women5.jpg,https://rzp.io/l/kcrtJphHP
333,Women,Male,Twoweeks,Annually,6000,Suburban,Work For Livelihood,women6.jpg,https://rzp.io/l/kcrtJphHP
334,OldAge,Male,Twoweeks,Monthly,11000,Rural,Blankets,old18.jpg,https://rzp.io/l/eS1ken0
335,FoodForNeed,Male,Oneweek,Annually,10000,Urban,Meals,food8.jpg,https://rzp.io/l/1w0tcUS
336,Medical,Female,Immediate,Monthly,4000,Rural,Child Birth,doctor13.jpg,https://rzp.io/l/UXabyaM9g
337,Medical,Male,Twoweeks,Annually,6000,Urban,Child Birth,doctor12.jpg,https://rzp.io/l/UXabyaM9g
338,DisasterRF,Male,Immediate,Quarterly,7000,Suburban,Treatment,dis10.jpg,https://rzp.io/l/Dk45a9yaZ
339,DisasterRF,Female,Oneweek,Quarterly,5000,Rural,Treatment,dis11.jpg,https://rzp.io/l/Dk45a9yaZ
340,Education,Female,Twoweeks,Quarterly,12000,Suburban,College,edu14.jpg,https://rzp.io/l/BFTS4jHt59
341,DisasterRF,Female,Oneweek,Monthly,20000,Urban,Treatment,dis12.jpg,https://rzp.io/l/Dk45a9yaZ
342,Women,Male,Twoweeks,Monthly,14000,Suburban,Work For Livelihood,women7.jpg,https://rzp.io/l/kcrtJphHP
343,Women,Female,Immediate,Monthly,10000,Rural,Work For Livelihood,women8.jpg,https://rzp.io/l/kcrtJphHP
344,OldAge,Male,Immediate,Annually,11000,Suburban,Blankets,old19.jpg,https://rzp.io/l/eS1ken0
345,FoodForNeed,Male,Immediate,Quarterly,2000,Suburban,Meals,food9.jpg,https://rzp.io/l/1w0tcUS
346,Medical,Male,Immediate,Quarterly,4000,Urban,Child Birth,doctor14.jpg,https://rzp.io/l/UXabyaM9g
347,DisasterRF,Female,Immediate,Quarterly,4000,Urban,Treatment,dis13.jpg,https://rzp.io/l/Dk45a9yaZ
348,OldAge,Female,Twoweeks,Annually,4000,Urban,Blankets,old20.jpg,https://rzp.io/l/eS1ken0
349,FoodForNeed,Female,Twoweeks,Monthly,16000,Rural,Meals,food10.jpg,https://rzp.io/l/1w0tcUS
350,Medical,Female,Oneweek,Quarterly,20000,Suburban,Child Birth,doctor16.jpg,https://rzp.io/l/UXabyaM9g
351,DisasterRF,Female,Immediate,Annually,2000,Suburban,Treatment,dis14.jpg,https://rzp.io/l/Dk45a9yaZ
352,Medical,Male,Twoweeks,Monthly,15000,Rural,Child Birth,doctor3.jpg,https://rzp.io/l/UXabyaM9g
353,DisasterRF,Male,Oneweek,Quarterly,19000,Urban,Treatment,dis15.jpg,https://rzp.io/l/Dk45a9yaZ
354,Medical,Male,Immediate,Monthly,5000,Urban,Medical Tests,doctor15.jpg,https://rzp.io/l/UXabyaM9g
355,Medical,Female,Twoweeks,Quarterly,1000,Urban,Medical Tests,doctor2.jpg,https://rzp.io/l/UXabyaM9g
356,DisasterRF,Male,Twoweeks,Annually,5000,Suburban,Treatment,dis16.jpg,https://rzp.io/l/Dk45a9yaZ
357,DisasterRF,Male,Immediate,Monthly,18000,Rural,Treatment,dis17.jpg,https://rzp.io/l/Dk45a9yaZ
358,Education,Female,Oneweek,Quarterly,14000,Urban,College,edu15.jpg,https://rzp.io/l/BFTS4jHt59
359,DisasterRF,Male,Oneweek,Quarterly,18000,Suburban,Housing,dis18.jpg,https://rzp.io/l/Dk45a9yaZ
360,Women,Male,Twoweeks,Monthly,3000,Urban,Work For Livelihood,women9.jpg,https://rzp.io/l/kcrtJphHP
361,Women,Female,Twoweeks,Quarterly,4000,Suburban,Work For Livelihood,women10.jpg,https://rzp.io/l/kcrtJphHP
362,OldAge,Male,Immediate,Monthly,1000,Suburban,Blankets,old1.jpg,https://rzp.io/l/eS1ken0
363,FoodForNeed,Female,Twoweeks,Annually,8000,Urban,Meals,food11.jpg,https://rzp.io/l/1w0tcUS
364,Education,Female,Oneweek,Monthly,3000,Urban,College,edu16.jpg,https://rzp.io/l/BFTS4jHt59
365,Women,Male,Oneweek,Quarterly,3000,Urban,Work For Livelihood,women11.jpg,https://rzp.io/l/kcrtJphHP
366,Women,Female,Oneweek,Monthly,15000,Suburban,Work For Livelihood,women12.jpg,https://rzp.io/l/kcrtJphHP
367,Medical,Male,Immediate,Annually,11000,Rural,Medical Tests,doctor3.jpg,https://rzp.io/l/UXabyaM9g
368,DisasterRF,Male,Twoweeks,Annually,6000,Urban,Housing,dis19.jpg,https://rzp.io/l/Dk45a9yaZ
369,DisasterRF,Male,Twoweeks,Monthly,2000,Urban,Housing,dis20.jpg,https://rzp.io/l/Dk45a9yaZ
370,Education,Female,Immediate,Monthly,8000,Urban,College,edu17.jpg,https://rzp.io/l/BFTS4jHt59
371,DisasterRF,Female,Twoweeks,Quarterly,5000,Suburban,Housing,dis1.jpg,https://rzp.io/l/Dk45a9yaZ
372,Women,Female,Twoweeks,Monthly,13000,Urban,Work For Livelihood,women13.jpg,https://rzp.io/l/kcrtJphHP
373,Women,Female,Oneweek,Quarterly,16000,Suburban,Work For Livelihood,women14.jpg,https://rzp.io/l/kcrtJphHP
374,OldAge,Female,Oneweek,Annually,5000,Rural,Blankets,old2.jpg,https://rzp.io/l/eS1ken0
375,FoodForNeed,Male,Twoweeks,Monthly,14000,Urban,Meals,food12.jpg,https://rzp.io/l/1w0tcUS
376,Education,Male,Immediate,Monthly,9000,Urban,College,edu18.jpg,https://rzp.io/l/BFTS4jHt59
377,Medical,Male,Oneweek,Quarterly,10000,Urban,Medical Tests,doctor17.jpg,https://rzp.io/l/UXabyaM9g
378,Medical,Female,Twoweeks,Monthly,11000,Urban,Medical Tests,doctor18.jpg,https://rzp.io/l/UXabyaM9g
379,DisasterRF,Male,Oneweek,Monthly,13000,Suburban,Housing,dis2.jpg,https://rzp.io/l/Dk45a9yaZ
380,DisasterRF,Male,Twoweeks,Quarterly,13000,Suburban,Housing,dis3.jpg,https://rzp.io/l/Dk45a9yaZ
381,Education,Female,Twoweeks,Monthly,7000,Suburban,Facilities,edu1.jpg,https://rzp.io/l/BFTS4jHt59
382,DisasterRF,Male,Immediate,Annually,4000,Suburban,Housing,dis4.jpg,https://rzp.io/l/Dk45a9yaZ
383,Women,Female,Oneweek,Monthly,6000,Urban,Work For Livelihood,women15.jpg,https://rzp.io/l/kcrtJphHP
384,Women,Female,Twoweeks,Annually,7000,Urban,Work For Livelihood,women1.jpg,https://rzp.io/l/kcrtJphHP
385,OldAge,Male,Twoweeks,Annually,12000,Urban,Blankets,old3.jpg,https://rzp.io/l/eS1ken0
386,FoodForNeed,Female,Oneweek,Monthly,19000,Rural,Meals,food13.jpg,https://rzp.io/l/1w0tcUS
387,Education,Male,Oneweek,Quarterly,4000,Urban,Facilities,edu2.jpg,https://rzp.io/l/BFTS4jHt59
388,Medical,Male,Twoweeks,Quarterly,16000,Rural,Medical Tests,doctor15.jpg,https://rzp.io/l/UXabyaM9g
389,Medical,Male,Immediate,Annually,4000,Rural,Medical Tests,doctor1.jpg,https://rzp.io/l/UXabyaM9g
390,DisasterRF,Female,Immediate,Monthly,3000,Urban,Housing,dis5.jpg,https://rzp.io/l/Dk45a9yaZ
391,DisasterRF,Female,Twoweeks,Annually,6000,Urban,Housing,dis6.jpg,https://rzp.io/l/Dk45a9yaZ
392,Education,Female,Oneweek,Monthly,5000,Rural,Facilities,edu3.jpg,https://rzp.io/l/BFTS4jHt59
393,DisasterRF,Female,Twoweeks,Annually,15000,Urban,Housing,dis7.jpg,https://rzp.io/l/Dk45a9yaZ
394,Women,Female,Immediate,Monthly,6000,Suburban,Work For Livelihood,women2.jpg,https://rzp.io/l/kcrtJphHP
395,Women,Male,Twoweeks,Quarterly,2000,Urban,Work For Livelihood,women3.jpg,https://rzp.io/l/kcrtJphHP
396,OldAge,Male,Twoweeks,Monthly,14000,Suburban,Blankets,old4.jpg,https://rzp.io/l/eS1ken0
397,FoodForNeed,Male,Oneweek,Quarterly,14000,Suburban,Meals,food14.jpg,https://rzp.io/l/1w0tcUS
398,Medical,Female,Twoweeks,Quarterly,18000,Urban,Medical Tests,doctor1.jpg,https://rzp.io/l/UXabyaM9g
399,Medical,Male,Twoweeks,Quarterly,12000,Suburban,Medical Tests,doctor2.jpg,https://rzp.io/l/UXabyaM9g
400,DisasterRF,Male,Immediate,Annually,3000,Urban,Housing,dis8.jpg,https://rzp.io/l/Dk45a9yaZ
401,DisasterRF,Female,Immediate,Monthly,15000,Urban,Housing,dis9.jpg,https://rzp.io/l/Dk45a9yaZ
402,Education,Male,Twoweeks,Quarterly,7000,Urban,Facilities,edu4.jpg,https://rzp.io/l/BFTS4jHt59
403,DisasterRF,Male,Oneweek,Annually,15000,Rural,Tsunami,dis10.jpg,https://rzp.io/l/Dk45a9yaZ
404,Women,Female,Immediate,Monthly,5000,Urban,Work For Livelihood,women4.jpg,https://rzp.io/l/kcrtJphHP
405,Women,Male,Immediate,Quarterly,11000,Suburban,Work For Livelihood,women5.jpg,https://rzp.io/l/kcrtJphHP
406,OldAge,Male,Immediate,Annually,18000,Suburban,Medical Services,old5.jpg,https://rzp.io/l/eS1ken0
407,FoodForNeed,Female,Twoweeks,Quarterly,10000,Urban,Meals,food15.jpg,https://rzp.io/l/1w0tcUS
408,OldAge,Male,Immediate,Monthly,1000,Rural,Medical Services,old6.jpg,https://rzp.io/l/eS1ken0
409,FoodForNeed,Female,Oneweek,Annually,6000,Urban,Meals,food16.jpg,https://rzp.io/l/1w0tcUS
410,Medical,Male,Twoweeks,Monthly,10000,Suburban,Medical Tests,doctor4.jpg,https://rzp.io/l/UXabyaM9g
411,Medical,Male,Twoweeks,Annually,13000,Rural,Medical Tests,doctor5.jpg,https://rzp.io/l/UXabyaM9g
412,DisasterRF,Female,Oneweek,Quarterly,12000,Urban,Tsunami,dis11.jpg,https://rzp.io/l/Dk45a9yaZ
413,DisasterRF,Female,Immediate,Annually,4000,Rural,Tsunami,dis12.jpg,https://rzp.io/l/Dk45a9yaZ
414,Education,Male,Immediate,Annually,8000,Rural,Facilities,edu5.jpg,https://rzp.io/l/BFTS4jHt59
415,DisasterRF,Male,Immediate,Quarterly,3000,Rural,Tsunami,dis13.jpg,https://rzp.io/l/Dk45a9yaZ
416,Women,Female,Oneweek,Quarterly,2000,Suburban,Appliances,women6.jpg,https://rzp.io/l/kcrtJphHP
417,Women,Female,Twoweeks,Monthly,2000,Suburban,Appliances,women7.jpg,https://rzp.io/l/kcrtJphHP
418,OldAge,Female,Twoweeks,Quarterly,2000,Rural,Medical Services,old7.jpg,https://rzp.io/l/eS1ken0
419,FoodForNeed,Female,Immediate,Monthly,10000,Urban,Meals,food17.jpg,https://rzp.io/l/1w0tcUS
420,Education,Female,Immediate,Monthly,4000,Rural,Facilities,edu6.jpg,https://rzp.io/l/BFTS4jHt59
421,Medical,Male,Oneweek,Quarterly,9000,Suburban,Medical Tests,doctor4.jpg,https://rzp.io/l/UXabyaM9g
422,Medical,Male,Twoweeks,Monthly,20000,Urban,Medical Tests,doctor5.jpg,https://rzp.io/l/UXabyaM9g
423,DisasterRF,Male,Immediate,Monthly,16000,Urban,Tsunami,dis14.jpg,https://rzp.io/l/Dk45a9yaZ
424,DisasterRF,Female,Immediate,Annually,14000,Rural,Tsunami,dis15.jpg,https://rzp.io/l/Dk45a9yaZ
425,Education,Male,Immediate,Annually,5000,Rural,Facilities,edu7.jpg,https://rzp.io/l/BFTS4jHt59
426,DisasterRF,Male,Oneweek,Monthly,11000,Rural,Tsunami,dis16.jpg,https://rzp.io/l/Dk45a9yaZ
427,Women,Female,Immediate,Quarterly,7000,Suburban,Appliances,women8.jpg,https://rzp.io/l/kcrtJphHP
428,Women,Male,Immediate,Monthly,1000,Urban,Appliances,women9.jpg,https://rzp.io/l/kcrtJphHP
429,OldAge,Male,Immediate,Monthly,17000,Rural,Medical Services,old8.jpg,https://rzp.io/l/eS1ken0
430,FoodForNeed,Female,Oneweek,Quarterly,3000,Suburban,Meals,food18.jpg,https://rzp.io/l/1w0tcUS
431,OldAge,Female,Twoweeks,Monthly,5000,Rural,Medical Services,old9.jpg,https://rzp.io/l/eS1ken0
432,FoodForNeed,Male,Immediate,Annually,3000,Rural,Meals,food19.jpg,https://rzp.io/l/1w0tcUS
433,Education,Male,Twoweeks,Monthly,5000,Suburban,Facilities,edu8.jpg,https://rzp.io/l/BFTS4jHt59
434,Medical,Female,Immediate,Annually,3000,Urban,Medical Tests,doctor4.jpg,https://rzp.io/l/UXabyaM9g
435,Medical,Female,Oneweek,Annually,8000,Suburban,Medical Tests,doctor5.jpg,https://rzp.io/l/UXabyaM9g
436,DisasterRF,Male,Twoweeks,Monthly,4000,Rural,Tsunami,dis17.jpg,https://rzp.io/l/Dk45a9yaZ
437,DisasterRF,Male,Immediate,Quarterly,1000,Urban,Tsunami,dis18.jpg,https://rzp.io/l/Dk45a9yaZ
438,Education,Female,Immediate,Quarterly,18000,Suburban,Facilities,edu9.jpg,https://rzp.io/l/BFTS4jHt59
439,DisasterRF,Female,Twoweeks,Monthly,2000,Urban,Tsunami,dis19.jpg,https://rzp.io/l/Dk45a9yaZ
440,Women,Female,Twoweeks,Monthly,9000,Suburban,Appliances,women10.jpg,https://rzp.io/l/kcrtJphHP
441,Women,Female,Oneweek,Annually,11000,Suburban,Appliances,women11.jpg,https://rzp.io/l/kcrtJphHP
442,OldAge,Female,Immediate,Monthly,9000,Urban,Medical Services,old10.jpg,https://rzp.io/l/eS1ken0
443,FoodForNeed,Male,Twoweeks,Quarterly,12000,Urban,Fruits,food20.jpg,https://rzp.io/l/1w0tcUS
444,Education,Male,Immediate,Monthly,17000,Urban,Facilities,edu10.jpg,https://rzp.io/l/BFTS4jHt59
445,Women,Male,Immediate,Quarterly,12000,Suburban,Appliances,women12.jpg,https://rzp.io/l/kcrtJphHP
446,Women,Female,Oneweek,Monthly,7000,Suburban,Appliances,women13.jpg,https://rzp.io/l/kcrtJphHP
447,DisasterRF,Male,Immediate,Annually,1000,Urban,Tsunami,dis20.jpg,https://rzp.io/l/Dk45a9yaZ
448,DisasterRF,Male,Twoweeks,Annually,18000,Rural,Tsunami,dis1.jpg,https://rzp.io/l/Dk45a9yaZ
449,Education,Female,Immediate,Monthly,19000,Rural,Facilities,edu11.jpg,https://rzp.io/l/BFTS4jHt59
450,DisasterRF,Female,Twoweeks,Quarterly,11000,Rural,Tsunami,dis2.jpg,https://rzp.io/l/Dk45a9yaZ
451,Women,Male,Twoweeks,Annually,6000,Rural,Appliances,women14.jpg,https://rzp.io/l/kcrtJphHP
452,Women,Female,Oneweek,Monthly,8000,Urban,Appliances,women15.jpg,https://rzp.io/l/kcrtJphHP
453,OldAge,Male,Twoweeks,Quarterly,7000,Suburban,Medical Services,old11.jpg,https://rzp.io/l/eS1ken0
454,FoodForNeed,Male,Twoweeks,Annually,5000,Urban,Fruits,food1.jpg,https://rzp.io/l/1w0tcUS
455,OldAge,Male,Immediate,Monthly,19000,Urban,Medical Services,old12.jpg,https://rzp.io/l/eS1ken0
456,FoodForNeed,Female,Twoweeks,Quarterly,3000,Rural,Fruits,food2.jpg,https://rzp.io/l/1w0tcUS
457,Medical,Female,Immediate,Annually,8000,Suburban,Medical Tests,doctor19.jpg,https://rzp.io/l/UXabyaM9g
458,Medical,Female,Oneweek,Monthly,19000,Urban,Medical Tests,doctor18.jpg,https://rzp.io/l/UXabyaM9g
459,DisasterRF,Female,Immediate,Annually,15000,Suburban,Earthquake,dis3.jpg,https://rzp.io/l/Dk45a9yaZ
460,DisasterRF,Female,Immediate,Quarterly,3000,Rural,Earthquake,dis4.jpg,https://rzp.io/l/Dk45a9yaZ
461,Education,Male,Immediate,Monthly,20000,Urban,Facilities,edu12.jpg,https://rzp.io/l/BFTS4jHt59
462,DisasterRF,Male,Immediate,Quarterly,20000,Suburban,Earthquake,dis5.jpg,https://rzp.io/l/Dk45a9yaZ
463,Women,Male,Oneweek,Monthly,10000,Urban,Appliances,women1.jpg,https://rzp.io/l/kcrtJphHP
464,Women,Female,Immediate,Quarterly,13000,Urban,Appliances,women2.jpg,https://rzp.io/l/kcrtJphHP
465,OldAge,Male,Immediate,Annually,9000,Rural,Medical Services,old13.jpg,https://rzp.io/l/eS1ken0
466,FoodForNeed,Male,Twoweeks,Monthly,6000,Rural,Fruits,food3.jpg,https://rzp.io/l/1w0tcUS
467,Education,Female,Immediate,Annually,13000,Rural,Facilities,edu13.jpg,https://rzp.io/l/BFTS4jHt59
468,Women,Female,Oneweek,Monthly,16000,Urban,Fight For Justice,women3.jpg,https://rzp.io/l/kcrtJphHP
469,Women,Male,Twoweeks,Quarterly,1000,Rural,Fight For Justice,women4.jpg,https://rzp.io/l/kcrtJphHP
470,OldAge,Female,Twoweeks,Annually,6000,Urban,Medical Services,old14.jpg,https://rzp.io/l/eS1ken0
471,FoodForNeed,Male,Immediate,Annually,19000,Rural,Fruits,food4.jpg,https://rzp.io/l/1w0tcUS
472,Education,Male,Twoweeks,Monthly,7000,Rural,Facilities,edu14.jpg,https://rzp.io/l/BFTS4jHt59
473,Medical,Female,Oneweek,Quarterly,14000,Urban,Surgery,doctor7.jpg,https://rzp.io/l/UXabyaM9g
474,Medical,Female,Immediate,Annually,1000,Rural,Surgery,doctor8.jpg,https://rzp.io/l/UXabyaM9g
475,DisasterRF,Male,Immediate,Monthly,1000,Rural,Earthquake,dis6.jpg,https://rzp.io/l/Dk45a9yaZ
476,DisasterRF,Male,Immediate,Quarterly,9000,Urban,Earthquake,dis7.jpg,https://rzp.io/l/Dk45a9yaZ
477,Education,Female,Twoweeks,Quarterly,18000,Rural,School,edu15.jpg,https://rzp.io/l/BFTS4jHt59
478,DisasterRF,Female,Oneweek,Quarterly,14000,Urban,Earthquake,dis8.jpg,https://rzp.io/l/Dk45a9yaZ
479,Women,Female,Immediate,Annually,14000,Suburban,Fight For Justice,women5.jpg,https://rzp.io/l/kcrtJphHP
480,Women,Female,Immediate,Quarterly,10000,Rural,Fight For Justice,women6.jpg,https://rzp.io/l/kcrtJphHP
481,OldAge,Female,Twoweeks,Annually,15000,Rural,Medical Services,old15.jpg,https://rzp.io/l/eS1ken0
482,Education,Male,Immediate,Monthly,8000,Rural,School,edu16.jpg,https://rzp.io/l/BFTS4jHt59
483,Women,Male,Immediate,Annually,3000,Rural,Fight For Justice,women7.jpg,https://rzp.io/l/kcrtJphHP
484,Women,Male,Immediate,Quarterly,6000,Urban,Fight For Justice,women8.jpg,https://rzp.io/l/kcrtJphHP
485,Medical,Female,Immediate,Monthly,8000,Suburban,Surgery,doctor9.jpg,https://rzp.io/l/UXabyaM9g
486,DisasterRF,Male,Immediate,Quarterly,15000,Suburban,Earthquake,dis9.jpg,https://rzp.io/l/Dk45a9yaZ
487,DisasterRF,Male,Oneweek,Quarterly,3000,Suburban,Earthquake,dis10.jpg,https://rzp.io/l/Dk45a9yaZ
488,Education,Female,Twoweeks,Quarterly,14000,Rural,School,edu17.jpg,https://rzp.io/l/BFTS4jHt59
489,DisasterRF,Female,Immediate,Annually,17000,Urban,Earthquake,dis11.jpg,https://rzp.io/l/Dk45a9yaZ
490,Women,Male,Twoweeks,Quarterly,17000,Rural,Fight For Justice,women9.jpg,https://rzp.io/l/kcrtJphHP
491,Women,Male,Oneweek,Annually,18000,Suburban,Fight For Justice,women10.jpg,https://rzp.io/l/kcrtJphHP
492,OldAge,Female,Twoweeks,Monthly,1000,Suburban,Medical Services,old16.jpg,https://rzp.io/l/eS1ken0
493,FoodForNeed,Female,Immediate,Annually,7000,Suburban,Fruits,food5.jpg,https://rzp.io/l/1w0tcUS
494,OldAge,Male,Immediate,Quarterly,9000,Rural,Medical Services,old17.jpg,https://rzp.io/l/eS1ken0
495,FoodForNeed,Male,Oneweek,Quarterly,10000,Suburban,Fruits,food6.jpg,https://rzp.io/l/1w0tcUS
496,OldAge,Female,Twoweeks,Quarterly,11000,Urban,Medical Services,old18.jpg,https://rzp.io/l/eS1ken0
497,FoodForNeed,Female,Immediate,Quarterly,19000,Rural,Fruits,food7.jpg,https://rzp.io/l/1w0tcUS
498,Medical,Female,Immediate,Annually,5000,Suburban,Surgery,doctor10.jpg,https://rzp.io/l/UXabyaM9g
499,Medical,Female,Immediate,Monthly,13000,Suburban,Surgery,doctor11.jpg,https://rzp.io/l/UXabyaM9g
500,DisasterRF,Female,Oneweek,Annually,12000,Suburban,Earthquake,dis12.jpg,https://rzp.io/l/Dk45a9yaZ
501,DisasterRF,Male,Immediate,Annually,18000,Urban,Earthquake,dis13.jpg,https://rzp.io/l/Dk45a9yaZ
502,Education,Male,Immediate,Monthly,3000,Rural,School,edu18.jpg,https://rzp.io/l/BFTS4jHt59
503,DisasterRF,Male,Twoweeks,Quarterly,18000,Rural,Earthquake,dis14.jpg,https://rzp.io/l/Dk45a9yaZ
504,Women,Female,Immediate,Annually,15000,Urban,Fight For Justice,women11.jpg,https://rzp.io/l/kcrtJphHP
505,Women,Male,Twoweeks,Quarterly,20000,Rural,Fight For Justice,women12.jpg,https://rzp.io/l/kcrtJphHP
506,OldAge,Male,Oneweek,Annually,9000,Suburban,Medical Services,old19.jpg,https://rzp.io/l/eS1ken0
507,FoodForNeed,Female,Immediate,Quarterly,2000,Rural,Fruits,food8.jpg,https://rzp.io/l/1w0tcUS
508,Education,Male,Twoweeks,Monthly,16000,Urban,School,edu1.jpg,https://rzp.io/l/BFTS4jHt59
509,Medical,Male,Oneweek,Annually,6000,Urban,Surgery,doctor4.jpg,https://rzp.io/l/UXabyaM9g
510,Medical,Female,Twoweeks,Monthly,10000,Urban,Surgery,doctor5.jpg,https://rzp.io/l/UXabyaM9g
511,DisasterRF,Male,Twoweeks,Annually,1000,Urban,Earthquake,dis15.jpg,https://rzp.io/l/Dk45a9yaZ
512,DisasterRF,Female,Twoweeks,Monthly,1000,Suburban,Earthquake,dis16.jpg,https://rzp.io/l/Dk45a9yaZ
513,Education,Female,Immediate,Annually,8000,Urban,School,edu2.jpg,https://rzp.io/l/BFTS4jHt59
514,DisasterRF,Male,Twoweeks,Monthly,1000,Suburban,Volcano,dis17.jpg,https://rzp.io/l/Dk45a9yaZ
515,Women,Female,Immediate,Quarterly,4000,Rural,Work For Livelihood,women13.jpg,https://rzp.io/l/kcrtJphHP
516,Women,Male,Immediate,Annually,15000,Urban,Work For Livelihood,women14.jpg,https://rzp.io/l/kcrtJphHP
517,OldAge,Male,Twoweeks,Monthly,17000,Suburban,Clothes,old20.jpg,https://rzp.io/l/eS1ken0
518,FoodForNeed,Male,Oneweek,Quarterly,14000,Rural,Fruits,food9.jpg,https://rzp.io/l/1w0tcUS
519,OldAge,Female,Twoweeks,Monthly,17000,Rural,Clothes,old1.jpg,https://rzp.io/l/eS1ken0
520,FoodForNeed,Female,Immediate,Annually,10000,Suburban,Fruits,food10.jpg,https://rzp.io/l/1w0tcUS
521,Medical,Female,Twoweeks,Annually,2000,Suburban,Vaccination,doctor12.jpg,https://rzp.io/l/UXabyaM9g
522,Medical,Female,Twoweeks,Monthly,4000,Suburban,Vaccination,doctor13.jpg,https://rzp.io/l/UXabyaM9g
523,DisasterRF,Female,Oneweek,Quarterly,6000,Suburban,Volcano,dis18.jpg,https://rzp.io/l/Dk45a9yaZ
524,DisasterRF,Male,Immediate,Quarterly,16000,Suburban,Volcano,dis19.jpg,https://rzp.io/l/Dk45a9yaZ
525,Education,Male,Immediate,Annually,20000,Suburban,School,edu3.jpg,https://rzp.io/l/BFTS4jHt59
526,DisasterRF,Male,Immediate,Annually,15000,Rural,Volcano,dis20.jpg,https://rzp.io/l/Dk45a9yaZ
527,Women,Female,Oneweek,Annually,15000,Suburban,Work For Livelihood,women15.jpg,https://rzp.io/l/kcrtJphHP
528,Women,Male,Immediate,Monthly,18000,Urban,Work For Livelihood,women1.jpg,https://rzp.io/l/kcrtJphHP
529,OldAge,Male,Immediate,Monthly,3000,Urban,Clothes,old2.jpg,https://rzp.io/l/eS1ken0
530,FoodForNeed,Female,Immediate,Monthly,1000,Suburban,Fruits,food11.jpg,https://rzp.io/l/1w0tcUS
531,OldAge,Male,Oneweek,Monthly,8000,Urban,Clothes,old3.jpg,https://rzp.io/l/eS1ken0
532,FoodForNeed,Male,Twoweeks,Monthly,4000,Suburban,Fruits,food12.jpg,https://rzp.io/l/1w0tcUS
533,Medical,Female,Twoweeks,Quarterly,10000,Urban,Vaccination,doctor14.jpg,https://rzp.io/l/UXabyaM9g
534,Medical,Female,Immediate,Monthly,20000,Rural,Vaccination,doctor15.jpg,https://rzp.io/l/UXabyaM9g
535,DisasterRF,Male,Twoweeks,Annually,10000,Rural,Volcano,dis1.jpg,https://rzp.io/l/Dk45a9yaZ
536,DisasterRF,Male,Immediate,Monthly,16000,Rural,Volcano,dis2.jpg,https://rzp.io/l/Dk45a9yaZ
537,Education,Female,Oneweek,Quarterly,16000,Rural,School,edu4.jpg,https://rzp.io/l/BFTS4jHt59
538,DisasterRF,Female,Immediate,Monthly,4000,Urban,Volcano,dis3.jpg,https://rzp.io/l/Dk45a9yaZ
539,Women,Female,Immediate,Annually,15000,Urban,Work For Livelihood,women2.jpg,https://rzp.io/l/kcrtJphHP
540,Women,Female,Twoweeks,Monthly,18000,Urban,Work For Livelihood,women3.jpg,https://rzp.io/l/kcrtJphHP
541,OldAge,Female,Oneweek,Annually,11000,Suburban,Clothes,old4.jpg,https://rzp.io/l/eS1ken0
542,FoodForNeed,Male,Twoweeks,Annually,5000,Rural,Fruits,food13.jpg,https://rzp.io/l/1w0tcUS
543,Education,Female,Immediate,Quarterly,9000,Rural,School,edu5.jpg,https://rzp.io/l/BFTS4jHt59
544,Women,Male,Immediate,Monthly,16000,Rural,Work For Livelihood,women4.jpg,https://rzp.io/l/kcrtJphHP
545,Women,Male,Immediate,Annually,4000,Urban,Work For Livelihood,women5.jpg,https://rzp.io/l/kcrtJphHP
546,DisasterRF,Male,Oneweek,Quarterly,2000,Rural,Volcano,dis4.jpg,https://rzp.io/l/Dk45a9yaZ
547,DisasterRF,Female,Twoweeks,Monthly,6000,Rural,Volcano,dis5.jpg,https://rzp.io/l/Dk45a9yaZ
548,Education,Female,Immediate,Annually,20000,Rural,School,edu6.jpg,https://rzp.io/l/BFTS4jHt59
549,DisasterRF,Female,Twoweeks,Quarterly,20000,Rural,Volcano,dis6.jpg,https://rzp.io/l/Dk45a9yaZ
550,Women,Female,Immediate,Annually,18000,Suburban,Clothes,women6.jpg,https://rzp.io/l/kcrtJphHP
551,Women,Female,Oneweek,Annually,4000,Rural,Clothes,women7.jpg,https://rzp.io/l/kcrtJphHP
552,OldAge,Male,Immediate,Monthly,13000,Suburban,Clothes,old5.jpg,https://rzp.io/l/eS1ken0
553,FoodForNeed,Male,Immediate,Annually,20000,Urban,Cereals,food14.jpg,https://rzp.io/l/1w0tcUS
554,OldAge,Male,Twoweeks,Quarterly,19000,Rural,Clothes,old6.jpg,https://rzp.io/l/eS1ken0
555,FoodForNeed,Female,Twoweeks,Annually,1000,Suburban,Cereals,food15.jpg,https://rzp.io/l/1w0tcUS
556,OldAge,Female,Immediate,Monthly,6000,Suburban,Clothes,old7.jpg,https://rzp.io/l/eS1ken0
557,FoodForNeed,Male,Oneweek,Annually,10000,Urban,Cereals,food16.jpg,https://rzp.io/l/1w0tcUS
558,Education,Male,Immediate,Quarterly,2000,Urban,School,edu7.jpg,https://rzp.io/l/BFTS4jHt59
559,OldAge,Female,Twoweeks,Annually,20000,Suburban,Clothes,old8.jpg,https://rzp.io/l/eS1ken0
560,FoodForNeed,Female,Twoweeks,Annually,10000,Suburban,Cereals,food17.jpg,https://rzp.io/l/1w0tcUS
561,Medical,Male,Immediate,Monthly,1000,Suburban,Vaccination,doctor4.jpg,https://rzp.io/l/UXabyaM9g
562,Medical,Female,Oneweek,Annually,2000,Urban,Vaccination,doctor5.jpg,https://rzp.io/l/UXabyaM9g
563,DisasterRF,Male,Twoweeks,Quarterly,15000,Rural,Volcano,dis7.jpg,https://rzp.io/l/Dk45a9yaZ
564,DisasterRF,Male,Twoweeks,Annually,19000,Urban,Volcano,dis8.jpg,https://rzp.io/l/Dk45a9yaZ
565,Education,Male,Immediate,Quarterly,12000,Suburban,School,edu8.jpg,https://rzp.io/l/BFTS4jHt59
566,DisasterRF,Female,Immediate,Annually,15000,Rural,Volcano,dis9.jpg,https://rzp.io/l/Dk45a9yaZ
567,Women,Female,Oneweek,Monthly,2000,Suburban,Clothes,women8.jpg,https://rzp.io/l/kcrtJphHP
568,Women,Female,Immediate,Annually,19000,Suburban,Clothes,women9.jpg,https://rzp.io/l/kcrtJphHP
569,OldAge,Female,Twoweeks,Quarterly,9000,Rural,Clothes,old9.jpg,https://rzp.io/l/eS1ken0
570,FoodForNeed,Female,Twoweeks,Annually,13000,Rural,Cereals,food13.jpg,https://rzp.io/l/1w0tcUS
571,OldAge,Male,Twoweeks,Quarterly,20000,Urban,Clothes,old10.jpg,https://rzp.io/l/eS1ken0
572,FoodForNeed,Male,Oneweek,Annually,2000,Suburban,Cereals,food14.jpg,https://rzp.io/l/1w0tcUS
573,Medical,Male,Immediate,Annually,7000,Suburban,Vaccination,doctor1.jpg,https://rzp.io/l/UXabyaM9g
574,Medical,Female,Immediate,Quarterly,10000,Suburban,Vaccination,doctor2.jpg,https://rzp.io/l/UXabyaM9g
575,DisasterRF,Female,Twoweeks,Annually,13000,Rural,Volcano,dis10.jpg,https://rzp.io/l/Dk45a9yaZ
576,DisasterRF,Male,Oneweek,Annually,18000,Urban,Volcano,dis11.jpg,https://rzp.io/l/Dk45a9yaZ
577,Education,Female,Oneweek,Quarterly,15000,Urban,Books,edu9.jpg,https://rzp.io/l/BFTS4jHt59
578,DisasterRF,Female,Oneweek,Quarterly,10000,Rural,Volcano,dis12.jpg,https://rzp.io/l/Dk45a9yaZ
579,Women,Male,Oneweek,Annually,16000,Urban,Clothes,women10.jpg,https://rzp.io/l/kcrtJphHP
580,Women,Female,Twoweeks,Monthly,13000,Suburban,Clothes,women11.jpg,https://rzp.io/l/kcrtJphHP
581,OldAge,Female,Immediate,Quarterly,10000,Urban,Clothes,old11.jpg,https://rzp.io/l/eS1ken0
582,FoodForNeed,Male,Oneweek,Annually,1000,Rural,Cereals,food15.jpg,https://rzp.io/l/1w0tcUS
583,Education,Male,Twoweeks,Monthly,13000,Urban,Books,edu10.jpg,https://rzp.io/l/BFTS4jHt59
584,OldAge,Female,Twoweeks,Monthly,17000,Suburban,Clothes,old12.jpg,https://rzp.io/l/eS1ken0
585,FoodForNeed,Female,Immediate,Monthly,15000,Suburban,Cereals,food16.jpg,https://rzp.io/l/1w0tcUS
586,OldAge,Female,Oneweek,Annually,2000,Rural,Clothes,old13.jpg,https://rzp.io/l/eS1ken0
587,FoodForNeed,Female,Twoweeks,Quarterly,15000,Urban,Cereals,food17.jpg,https://rzp.io/l/1w0tcUS
588,Education,Female,Immediate,Quarterly,20000,Suburban,Books,edu11.jpg,https://rzp.io/l/BFTS4jHt59
589,Medical,Male,Twoweeks,Annually,14000,Urban,Medicines,doctor16.jpg,https://rzp.io/l/UXabyaM9g
590,Medical,Male,Oneweek,Monthly,5000,Rural,Medicines,doctor17.jpg,https://rzp.io/l/UXabyaM9g
591,DisasterRF,Male,Immediate,Monthly,3000,Suburban,Volcano,dis13.jpg,https://rzp.io/l/Dk45a9yaZ
592,DisasterRF,Female,Twoweeks,Annually,7000,Suburban,Volcano,dis14.jpg,https://rzp.io/l/Dk45a9yaZ
593,Education,Male,Twoweeks,Quarterly,18000,Rural,Facilities,edu12.jpg,https://rzp.io/l/BFTS4jHt59
594,DisasterRF,Female,Immediate,Annually,4000,Urban,Volcano,dis15.jpg,https://rzp.io/l/Dk45a9yaZ
595,Women,Female,Oneweek,Monthly,15000,Suburban,Clothes,women12.jpg,https://rzp.io/l/kcrtJphHP
596,Women,Male,Immediate,Quarterly,17000,Urban,Clothes,women13.jpg,https://rzp.io/l/kcrtJphHP
597,OldAge,Female,Immediate,Quarterly,5000,Rural,Clothes,old14.jpg,https://rzp.io/l/eS1ken0
598,FoodForNeed,Female,Immediate,Quarterly,13000,Rural,Cereals,food18.jpg,https://rzp.io/l/1w0tcUS
599,FoodForNeed,Male,Oneweek,Monthly,7000,Rural,Cereals,food20.jpg,https://rzp.io/l/1w0tcUS
600,FoodForNeed,Male,Immediate,Monthly,4000,Urban,Cereals,food19.jpg,https://rzp.io/l/1w0tcUS